Date,No of Tourist,shimla hotel,hotel in shimla,manali hotel,shimla hotels,hotels in shimla,hotel in manali,resort in shimla,hotel in shimla.1,manali hotel.1,shimla hotels.1,hotels in shimla.1,hotel in manali.1,resort in shimla.1,hotel in shimla.2,manali hotel.2,shimla hotels.2,hotels in shimla.2,hotel in manali.2,resort in shimla.2,shimla tourism,himachal tourism,manali tourism,shimla tourism places,delhi tourism,hotel in shimla,shimla tourism packages,manali tourism places,himachal tourism hotel shimla,shimla hotels,himachal tourism.1,manali tourism.1,shimla tourism places.1,delhi tourism.1,hotel in shimla.1,shimla tourism packages.1,manali tourism places.1,himachal tourism hotel shimla.1,shimla hotels.1,himachal tourism.2,manali tourism.2,shimla tourism places.2,delhi tourism.2,hotel in shimla.2,shimla tourism packages.2,manali tourism places.2,himachal tourism hotel shimla.2,shimla hotels.2,shimla india,tour and travel,shimla hotel,shimla india.1,tour and travel.1,shimla hotel.1,shimla india.2,tour and travel.2,shimla hotel.2
01-01-2010,165247,28,36,22,50,47,30,25,36,22,50,47,30,25,36,22,50,47,30,25,63,46,60,56,64,34,0,35,0,48,46,60,56,64,34,0,35,0,48,46,60,56,64,34,0,35,0,48,67,74,28,67,74,28,67,74,28
01-02-2010,155554,30,31,28,48,38,35,35,31,28,48,38,35,35,31,28,48,38,35,35,63,55,53,53,77,30,27,31,23,48,55,53,53,77,30,27,31,23,48,55,53,53,77,30,27,31,23,48,64,69,30,64,69,30,64,69,30
01-03-2010,176551,44,58,34,67,61,44,67,58,34,67,61,44,67,58,34,67,61,44,67,79,69,72,67,89,58,46,42,22,64,69,72,67,89,58,46,42,22,64,69,72,67,89,58,46,42,22,64,75,68,44,75,68,44,75,68,44
01-04-2010,351393,48,56,43,74,67,56,50,56,43,74,67,56,50,56,43,74,67,56,50,95,99,100,100,99,60,90,66,47,80,99,100,100,99,60,90,66,47,80,99,100,100,99,60,90,66,47,80,84,73,48,84,73,48,84,73,48
01-05-2010,360096,51,63,53,84,77,78,64,63,53,84,77,78,64,63,53,84,77,78,64,100,100,96,50,100,63,63,73,50,89,100,96,50,100,63,63,73,50,89,100,96,50,100,63,63,73,50,89,76,72,51,76,72,51,76,72,51
01-06-2010,398452,48,62,51,81,74,69,64,62,51,81,74,69,64,62,51,81,74,69,64,95,96,85,79,98,65,100,53,100,87,96,85,79,98,65,100,53,100,87,96,85,79,98,65,100,53,100,87,77,74,48,77,74,48,77,74,48
01-07-2010,180467,32,39,24,52,47,33,37,39,24,52,47,33,37,39,24,52,47,33,37,61,52,67,17,76,41,0,59,32,53,52,67,17,76,41,0,59,32,53,52,67,17,76,41,0,59,32,53,67,76,32,67,76,32,67,76,32
01-08-2010,119569,29,36,20,45,42,25,28,36,20,45,42,25,28,36,20,45,42,25,28,46,50,35,14,71,40,24,23,0,46,50,35,14,71,40,24,23,0,46,50,35,14,71,40,24,23,0,46,62,72,29,62,72,29,62,72,29
01-09-2010,185243,32,34,25,44,38,32,39,34,25,44,38,32,39,34,25,44,38,32,39,46,44,33,22,80,35,28,43,0,45,44,33,22,80,35,28,43,0,45,44,33,22,80,35,28,43,0,45,52,71,32,52,71,32,52,71,32
01-10-2010,122819,32,41,24,51,49,29,46,41,24,51,49,29,46,41,24,51,49,29,46,37,41,40,41,82,39,25,31,14,51,41,40,41,82,39,25,31,14,51,41,40,41,82,39,25,31,14,51,56,71,32,56,71,32,56,71,32
01-11-2010,101540,26,31,22,46,40,28,29,31,22,46,40,28,29,31,22,46,40,28,29,37,42,42,0,76,32,14,33,62,47,42,42,0,76,32,14,33,62,47,42,42,0,76,32,14,33,62,47,56,71,26,56,71,26,56,71,26
01-12-2010,168633,40,48,27,62,56,40,37,48,27,62,56,40,37,48,27,62,56,40,37,47,43,40,54,85,46,33,42,21,63,43,40,54,85,46,33,42,21,63,43,40,54,85,46,33,42,21,63,68,62,40,68,62,40,68,62,40
01-01-2011,183556,26,30,20,36,30,23,13,30,20,36,30,23,13,30,20,36,30,23,13,35,36,37,16,60,29,25,42,22,35,36,37,16,60,29,25,42,22,35,36,37,16,60,29,25,42,22,35,55,70,26,55,70,26,55,70,26
01-02-2011,174609,30,33,25,40,35,34,23,33,25,40,35,34,23,33,25,40,35,34,23,39,39,35,44,65,34,0,23,39,41,39,35,44,65,34,0,23,39,41,39,35,44,65,34,0,23,39,41,56,73,30,56,73,30,56,73,30
01-03-2011,198760,36,44,31,50,47,43,47,44,31,50,47,43,47,44,31,50,47,43,47,39,48,42,40,68,45,28,45,33,50,48,42,40,68,45,28,45,33,50,48,42,40,68,45,28,45,33,50,53,71,36,53,71,36,53,71,36
01-04-2011,395110,46,56,40,56,52,57,56,56,40,56,52,57,56,56,40,56,52,57,56,57,61,58,50,80,56,26,51,45,57,61,58,50,80,56,26,51,45,57,61,58,50,80,56,26,51,45,57,66,74,46,66,74,46,66,74,46
01-05-2011,390553,50,60,55,66,60,76,68,60,55,66,60,76,68,60,55,66,60,76,68,62,76,62,70,85,59,28,46,66,69,76,62,70,85,59,28,46,66,69,76,62,70,85,59,28,46,66,69,79,80,50,79,80,50,79,80,50
01-06-2011,432559,50,65,51,79,74,70,58,65,51,79,74,70,58,65,51,79,74,70,58,65,71,66,58,93,65,44,95,39,83,71,66,58,93,65,44,95,39,83,71,66,58,93,65,44,95,39,83,76,85,50,76,85,50,76,85,50
01-07-2011,197096,33,36,24,46,41,33,33,36,24,46,41,33,33,36,24,46,41,33,33,49,48,36,56,80,38,31,52,41,46,48,36,56,80,38,31,52,41,46,48,36,56,80,38,31,52,41,46,67,80,33,67,80,33,67,80,33
01-08-2011,222870,31,37,20,51,50,29,25,37,20,51,50,29,25,37,20,51,50,29,25,45,41,33,75,83,40,38,53,26,53,41,33,75,83,40,38,53,26,53,41,33,75,83,40,38,53,26,53,66,68,31,66,68,31,66,68,31
01-09-2011,207944,31,43,26,49,47,32,33,43,26,49,47,32,33,43,26,49,47,32,33,46,43,38,38,78,43,68,46,0,48,43,38,38,78,43,68,46,0,48,43,38,38,78,43,68,46,0,48,62,74,31,62,74,31,62,74,31
01-10-2011,154716,29,35,21,42,37,27,37,35,21,42,37,27,37,35,21,42,37,27,37,34,38,30,28,66,36,41,17,24,42,38,30,28,66,36,41,17,24,42,38,30,28,66,36,41,17,24,42,56,69,29,56,69,29,56,69,29
01-11-2011,103267,36,43,24,47,42,34,37,43,24,47,42,34,37,43,24,47,42,34,37,37,40,32,31,68,44,34,13,25,48,40,32,31,68,44,34,13,25,48,40,32,31,68,44,34,13,25,48,55,65,36,55,65,36,55,65,36
01-12-2011,157230,41,52,32,59,57,40,49,52,32,59,57,40,49,52,32,59,57,40,49,39,39,36,34,92,54,16,57,15,65,39,36,34,92,54,16,57,15,65,39,36,34,92,54,16,57,15,65,66,60,41,66,60,41,66,60,41
01-01-2012,198866,35,40,27,45,38,33,43,40,27,45,38,33,43,40,27,45,38,33,43,40,31,28,25,71,39,26,11,22,45,31,28,25,71,39,26,11,22,45,31,28,25,71,39,26,11,22,45,71,76,35,71,76,35,71,76,35
01-02-2012,180290,31,33,25,36,32,29,27,33,25,36,32,29,27,33,25,36,32,29,27,43,34,30,35,70,33,49,27,22,35,34,30,35,70,33,49,27,22,35,34,30,35,70,33,49,27,22,35,53,72,31,53,72,31,53,72,31
01-03-2012,192286,37,46,33,45,41,43,49,46,33,45,41,43,49,46,33,45,41,43,49,51,46,41,40,72,45,90,54,0,45,46,41,40,72,45,90,54,0,45,46,41,40,72,45,90,54,0,45,57,75,37,57,75,37,57,75,37
01-04-2012,347568,42,48,45,55,50,56,50,48,45,55,50,56,50,48,45,55,50,56,50,58,54,48,47,75,47,74,49,71,55,54,48,47,75,47,74,49,71,55,54,48,47,75,47,74,49,71,55,66,74,42,66,74,42,66,74,42
01-05-2012,434490,57,74,56,77,72,72,68,74,56,77,72,72,68,74,56,77,72,72,68,61,75,62,78,91,72,80,85,16,76,75,62,78,91,72,80,85,16,76,75,62,78,91,72,80,85,16,76,75,79,57,75,79,57,75,79,57
01-06-2012,463945,51,68,54,76,76,70,65,68,54,76,76,70,65,68,54,76,76,70,65,64,77,58,77,96,68,65,80,46,80,77,58,77,96,68,65,80,46,80,77,58,77,96,68,65,80,46,80,73,76,51,73,76,51,73,76,51
01-07-2012,213647,38,48,28,52,50,38,36,48,28,52,50,38,36,48,28,52,50,38,36,32,43,36,47,70,49,43,32,66,54,43,36,47,70,49,43,32,66,54,43,36,47,70,49,43,32,66,54,61,73,38,61,73,38,61,73,38
01-08-2012,278333,32,44,25,47,44,34,41,44,25,47,44,34,41,44,25,47,44,34,41,35,36,32,67,61,44,37,27,25,47,36,32,67,61,44,37,27,25,47,36,32,67,61,44,37,27,25,47,59,67,32,59,67,32,59,67,32
01-09-2012,214897,34,45,25,46,43,32,39,45,25,46,43,32,39,45,25,46,43,32,39,39,30,28,34,63,45,76,26,20,46,30,28,34,63,45,76,26,20,46,30,28,34,63,45,76,26,20,46,58,72,34,58,72,34,58,72,34
01-10-2012,231647,33,39,25,39,38,33,41,39,25,39,38,33,41,39,25,39,38,33,41,34,28,28,57,60,39,57,24,35,39,28,28,57,60,39,57,24,35,39,28,28,57,60,39,57,24,35,39,50,69,33,50,69,33,50,69,33
01-11-2012,170239,27,34,22,33,29,28,35,34,22,33,29,28,35,34,22,33,29,28,35,30,24,21,36,49,32,23,13,22,32,24,21,36,49,32,23,13,22,32,24,21,36,49,32,23,13,22,32,44,67,27,44,67,27,44,67,27
01-12-2012,269124,50,63,29,66,63,43,51,63,29,66,63,43,51,63,29,66,63,43,51,37,34,31,0,63,62,30,48,22,67,34,31,0,63,62,30,48,22,67,34,31,0,63,62,30,48,22,67,62,62,50,62,62,50,62,62,50
01-01-2013,220746,30,39,23,41,37,28,29,39,23,41,37,28,29,39,23,41,37,28,29,32,29,27,41,58,39,51,35,19,42,29,27,41,58,39,51,35,19,42,29,27,41,58,39,51,35,19,42,57,71,30,57,71,30,57,71,30
01-02-2013,190874,37,44,29,38,34,35,36,44,29,38,34,35,36,44,29,38,34,35,36,37,31,23,45,58,43,47,25,0,38,31,23,45,58,43,47,25,0,38,31,23,45,58,43,47,25,0,38,57,70,37,57,70,37,57,70,37
01-03-2013,215637,43,51,36,47,45,44,45,51,36,47,45,44,45,51,36,47,45,44,45,38,40,36,26,59,53,78,31,13,49,40,36,26,59,53,78,31,13,49,40,36,26,59,53,78,31,13,49,54,71,43,54,71,43,54,71,43
01-04-2013,376256,48,54,42,47,46,53,44,54,42,47,46,53,44,54,42,47,46,53,44,40,41,35,43,65,54,47,33,34,48,41,35,43,65,54,47,33,34,48,41,35,43,65,54,47,33,34,48,55,71,48,55,71,48,55,71,48
01-05-2013,442126,54,65,54,65,63,67,59,65,54,65,63,67,59,65,54,65,63,67,59,48,53,50,31,69,65,47,69,47,66,53,50,31,69,65,47,69,47,66,53,50,31,69,65,47,69,47,66,66,73,54,66,73,54,66,73,54
01-06-2013,137419,55,67,52,78,71,69,78,67,52,78,71,69,78,67,52,78,71,69,78,49,52,57,61,73,68,38,81,40,81,52,57,61,73,68,38,81,40,81,52,57,61,73,68,38,81,40,81,76,69,55,76,69,55,76,69,55
01-07-2013,182402,30,39,21,43,44,26,35,39,21,43,44,26,35,39,21,43,44,26,35,27,28,24,27,54,35,49,42,43,40,28,24,27,54,35,49,42,43,40,28,24,27,54,35,49,42,43,40,60,74,30,60,74,30,60,74,30
01-08-2013,219114,29,34,21,41,42,27,39,34,21,41,42,27,39,34,21,41,42,27,39,29,26,23,37,51,34,28,23,17,40,26,23,37,51,34,28,23,17,40,26,23,37,51,34,28,23,17,40,56,67,29,56,67,29,56,67,29
01-09-2013,238410,31,38,23,37,35,29,28,38,23,37,35,29,28,38,23,37,35,29,28,27,30,28,26,53,38,35,38,17,39,30,28,26,53,38,35,38,17,39,30,28,26,53,38,35,38,17,39,51,63,31,51,63,31,51,63,31
01-10-2013,270150,29,37,27,37,34,33,31,37,27,37,34,33,31,37,27,37,34,33,31,36,28,30,42,56,36,32,34,0,38,28,30,42,56,36,32,34,0,38,28,30,42,56,36,32,34,0,38,48,68,29,48,68,29,48,68,29
01-11-2013,190319,27,33,24,37,35,31,35,33,24,37,35,31,35,33,24,37,35,31,35,32,25,34,38,53,35,50,52,19,40,25,34,38,53,35,50,52,19,40,25,34,38,53,35,50,52,19,40,51,65,27,51,65,27,51,65,27
01-12-2013,309538,53,68,37,68,65,47,46,68,37,68,65,47,46,68,37,68,65,47,46,45,34,37,48,65,64,61,48,28,66,34,37,48,65,64,61,48,28,66,34,37,48,65,64,61,48,28,66,69,69,53,69,69,53,69,69,53
01-01-2014,231510,39,45,29,47,44,37,41,45,29,47,44,37,41,45,29,47,44,37,41,36,26,32,45,60,44,48,27,24,47,26,32,45,60,44,48,27,24,47,26,32,45,60,44,48,27,24,47,60,76,39,60,76,39,60,76,39
01-02-2014,200813,36,39,31,41,38,35,31,39,31,41,38,35,31,39,31,41,38,35,31,34,32,33,25,60,41,28,44,25,45,32,33,25,60,41,28,44,25,45,32,33,25,60,41,28,44,25,45,58,74,36,58,74,36,58,74,36
01-03-2014,218019,45,50,40,51,53,50,49,50,40,51,53,50,49,50,40,51,53,50,49,47,37,42,64,66,52,52,68,50,52,37,42,64,66,52,52,68,50,52,37,42,64,66,52,52,68,50,52,62,74,45,62,74,45,62,74,45
01-04-2014,380978,53,61,46,60,57,58,55,61,46,60,57,58,55,61,46,60,57,58,55,48,42,51,59,69,60,51,83,38,60,42,51,59,69,60,51,83,38,60,42,51,59,69,60,51,83,38,60,73,78,53,73,78,53,73,78,53
01-05-2014,451237,59,76,59,78,74,77,82,76,59,78,74,77,82,76,59,78,74,77,82,59,55,62,72,72,79,53,100,54,81,55,62,72,72,79,53,100,54,81,55,62,72,72,79,53,100,54,81,75,72,59,75,72,59,75,72,59
01-06-2014,231257,63,80,57,93,91,80,73,80,57,93,91,80,73,80,57,93,91,80,73,60,75,67,70,84,86,75,93,51,99,75,67,70,84,86,75,93,51,99,75,67,70,84,86,75,93,51,99,82,74,63,82,74,63,82,74,63
01-07-2014,196701,42,51,29,54,55,37,44,51,29,54,55,37,44,51,29,54,55,37,44,42,38,34,49,62,51,45,57,22,56,38,34,49,62,51,45,57,22,56,38,34,49,62,51,45,57,22,56,66,68,42,66,68,42,66,68,42
01-08-2014,240662,48,67,33,67,71,46,60,67,33,67,71,46,60,67,33,67,71,46,60,44,41,36,46,70,66,58,47,41,66,41,36,46,70,66,58,47,41,66,41,36,46,70,66,58,47,41,66,68,78,48,68,78,48,68,78,48
01-09-2014,257091,47,57,36,59,61,50,60,57,36,59,61,50,60,57,36,59,61,50,60,41,39,42,43,75,57,36,65,42,60,39,42,43,75,57,36,65,42,60,39,42,43,75,57,36,65,42,60,63,74,47,63,74,47,63,74,47
01-10-2014,288172,39,50,32,48,47,40,38,50,32,48,47,40,38,50,32,48,47,40,38,40,29,40,56,60,52,44,58,41,49,29,40,56,60,52,44,58,41,49,29,40,56,60,52,44,58,41,49,59,72,39,59,72,39,59,72,39
01-11-2014,209741,44,55,37,54,56,48,46,55,37,54,56,48,46,55,37,54,56,48,46,42,29,36,47,60,54,51,64,31,52,29,36,47,60,54,51,64,31,52,29,36,47,60,54,51,64,31,52,59,74,44,59,74,44,59,74,44
01-12-2014,287456,55,74,39,78,74,50,59,74,39,78,74,50,59,74,39,78,74,50,59,41,34,36,44,65,75,69,45,31,82,34,36,44,65,75,69,45,31,82,34,36,44,65,75,69,45,31,82,85,70,55,85,70,55,85,70,55
01-01-2015,246944,46,56,35,60,59,44,41,56,35,60,59,44,41,56,35,60,59,44,41,37,28,22,19,55,55,35,28,15,59,28,22,19,55,55,35,28,15,59,28,22,19,55,55,35,28,15,59,63,84,46,63,84,46,63,84,46
01-02-2015,207573,42,49,38,48,48,45,39,49,38,48,48,45,39,49,38,48,48,45,39,39,28,27,43,56,49,65,17,20,49,28,27,43,56,49,65,17,20,49,28,27,43,56,49,65,17,20,49,58,76,42,58,76,42,58,76,42
01-03-2015,235077,50,58,44,57,54,54,53,58,44,57,54,54,53,58,44,57,54,54,53,47,35,33,44,59,57,60,48,16,57,35,33,44,59,57,60,48,16,57,35,33,44,59,57,60,48,16,57,70,81,50,70,81,50,70,81,50
01-04-2015,395791,59,66,53,69,64,67,59,66,53,69,64,67,59,66,53,69,64,67,59,46,40,43,40,64,66,50,61,43,69,40,43,40,64,66,50,61,43,69,40,43,40,64,66,50,61,43,69,75,85,59,75,85,59,75,85,59
01-05-2015,462365,67,96,68,90,91,93,86,96,68,90,91,93,86,96,68,90,91,93,86,48,54,56,62,66,93,59,75,44,89,54,56,62,66,93,59,75,44,89,54,56,62,66,93,59,75,44,89,85,82,67,85,82,67,85,82,67
01-06-2015,248030,71,100,69,100,100,99,85,100,69,100,100,99,85,100,69,100,100,99,85,47,56,48,48,67,100,36,71,80,100,56,48,48,67,100,36,71,80,100,56,48,48,67,100,36,71,80,100,86,81,71,86,81,71,86,81,71
01-07-2015,212940,42,48,30,54,52,39,44,48,30,54,52,39,44,48,30,54,52,39,44,37,33,27,48,57,48,61,33,27,55,33,27,48,57,48,61,33,27,55,33,27,48,57,48,61,33,27,55,75,76,42,75,76,42,75,76,42
01-08-2015,259096,35,48,21,47,47,29,42,48,21,47,47,29,42,48,21,47,47,29,42,31,25,23,29,48,49,32,36,22,49,25,23,29,48,49,32,36,22,49,25,23,29,48,49,32,36,22,49,59,79,35,59,79,35,59,79,35
01-09-2015,273451,46,59,35,60,58,41,51,59,35,60,58,41,51,59,35,60,58,41,51,36,30,27,43,59,57,66,52,26,58,30,27,43,59,57,66,52,26,58,30,27,43,59,57,66,52,26,58,73,79,46,73,79,46,73,79,46
01-10-2015,295632,42,52,34,48,49,45,49,52,34,48,49,45,49,52,34,48,49,45,49,32,27,28,49,59,50,41,49,23,46,27,28,49,59,50,41,49,23,46,27,28,49,59,50,41,49,23,46,64,81,42,64,81,42,64,81,42
01-11-2015,175189,39,45,31,41,39,40,40,45,31,41,39,40,40,45,31,41,39,40,40,34,22,28,64,46,45,45,48,15,41,22,28,64,46,45,45,48,15,41,22,28,64,46,45,45,48,15,41,65,77,39,65,77,39,65,77,39
01-12-2015,249064,61,84,46,81,80,64,66,84,46,81,80,64,66,84,46,81,80,64,66,41,29,32,58,63,84,41,56,40,83,29,32,58,63,84,41,56,40,83,29,32,58,63,84,41,56,40,83,84,78,61,84,78,61,84,78,61
01-01-2016,255759,40,43,31,44,41,39,36,43,31,44,41,39,36,43,31,44,41,39,36,31,21,24,33,40,44,17,37,21,43,21,24,33,40,44,17,37,21,43,21,24,33,40,44,17,37,21,43,60,86,40,60,86,40,60,86,40
01-02-2016,212483,40,43,32,39,36,38,30,43,32,39,36,38,30,43,32,39,36,38,30,26,22,24,30,45,43,23,30,20,39,22,24,30,45,43,23,30,20,39,22,24,30,45,43,23,30,20,39,59,89,40,59,89,40,59,89,40
01-03-2016,243450,45,48,40,43,43,43,49,48,40,43,43,43,49,48,40,43,43,43,49,34,26,30,42,43,50,39,44,22,45,26,30,42,43,50,39,44,22,45,26,30,42,43,50,39,44,22,45,64,88,45,64,88,45,64,88,45
01-04-2016,314371,52,54,46,51,48,55,51,54,46,51,48,55,51,54,46,51,48,55,51,37,36,40,55,47,56,54,69,17,53,36,40,55,47,56,54,69,17,53,36,40,55,47,56,54,69,17,53,70,85,52,70,85,52,70,85,52
01-05-2016,408469,68,80,71,77,72,87,82,80,71,77,72,87,82,80,71,77,72,87,82,44,46,48,59,57,78,44,70,68,77,46,48,59,57,78,44,70,68,77,46,48,59,57,78,44,70,68,77,87,95,68,87,95,68,87,95,68
01-06-2016,477463,68,87,58,80,72,80,83,87,58,80,72,80,83,87,58,80,72,80,83,37,37,34,53,56,86,33,49,41,81,37,34,53,56,86,33,49,41,81,37,34,53,56,86,33,49,41,81,78,81,68,78,81,68,78,81,68
01-07-2016,219783,44,48,29,44,40,35,35,48,29,44,40,35,35,48,29,44,40,35,35,28,26,25,37,51,49,29,38,8,45,26,25,37,51,49,29,38,8,45,26,25,37,51,49,29,38,8,45,63,76,44,63,76,44,63,76,44
01-08-2016,264304,38,42,26,40,38,33,36,42,26,40,38,33,36,42,26,40,38,33,36,24,21,15,20,41,43,16,27,10,41,21,15,20,41,43,16,27,10,41,21,15,20,41,43,16,27,10,41,56,78,38,56,78,38,56,78,38
01-09-2016,285020,40,43,31,40,35,39,35,43,31,40,35,39,35,43,31,40,35,39,35,20,22,22,20,45,44,14,28,0,42,22,22,20,45,44,14,28,0,42,22,22,20,45,44,14,28,0,42,58,78,40,58,78,40,58,78,40
01-10-2016,308211,37,38,33,35,35,38,34,38,33,35,35,38,34,38,33,35,35,38,34,23,19,20,35,36,37,32,21,16,33,19,20,35,36,37,32,21,16,33,19,20,35,36,37,32,21,16,33,56,81,37,56,81,37,56,81,37
01-11-2016,167776,41,41,35,40,38,37,38,41,35,40,38,37,38,41,35,40,38,37,38,26,22,21,28,36,41,28,33,14,41,22,21,28,36,41,28,33,14,41,22,21,28,36,41,28,33,14,41,59,78,41,59,78,41,59,78,41
01-12-2016,259540,62,76,47,72,63,55,67,76,47,72,63,55,67,76,47,72,63,55,67,33,27,26,39,44,75,28,52,32,72,27,26,39,44,75,28,52,32,72,27,26,39,44,75,28,52,32,72,80,73,62,80,73,62,80,73,62
01-01-2017,264088,60,62,40,63,56,45,42,62,40,63,56,45,42,62,40,63,56,45,42,32,25,27,42,44,62,46,56,26,63,25,27,42,44,62,46,56,26,63,25,27,42,44,62,46,56,26,63,80,88,60,80,88,60,80,88,60
01-02-2017,221912,44,44,39,35,33,42,43,44,39,35,33,42,43,44,39,35,33,42,43,21,21,24,9,38,45,29,34,12,36,21,24,9,38,45,29,34,12,36,21,24,9,38,45,29,34,12,36,63,84,44,63,84,44,63,84,44
01-03-2017,251644,48,51,41,44,43,47,53,51,41,44,43,47,53,51,41,44,43,47,53,27,24,24,35,40,52,31,42,30,45,24,24,35,40,52,31,42,30,45,24,24,35,40,52,31,42,30,45,67,91,48,67,91,48,67,91,48
01-04-2017,324610,58,64,53,56,51,62,68,64,53,56,51,62,68,64,53,56,51,62,68,33,34,36,50,44,68,71,65,16,61,34,36,50,44,68,71,65,16,61,34,36,50,44,68,71,65,16,61,77,82,58,77,82,58,77,82,58
01-05-2017,421809,80,90,89,80,75,98,90,90,89,80,75,98,90,90,89,80,75,98,90,41,50,45,60,58,93,29,93,51,83,50,45,60,58,93,29,93,51,83,50,45,60,58,93,29,93,51,83,99,86,80,99,86,80,99,86,80
01-06-2017,482357,83,100,88,95,88,98,80,100,88,95,88,98,80,100,88,95,88,98,80,37,49,41,61,55,94,24,64,34,90,49,41,61,55,94,24,64,34,90,49,41,61,55,94,24,64,34,90,94,77,83,94,77,83,94,77,83
01-07-2017,229798,47,50,35,43,40,40,53,50,35,43,40,40,53,50,35,43,40,40,53,23,25,23,38,47,52,21,44,15,44,25,23,38,47,52,21,44,15,44,25,23,38,47,52,21,44,15,44,73,84,47,73,84,47,73,84,47
01-08-2017,275501,42,40,29,36,31,33,37,40,29,36,31,33,37,40,29,36,31,33,37,18,22,19,17,41,40,18,34,0,36,22,19,17,41,40,18,34,0,36,22,19,17,41,40,18,34,0,36,67,78,42,67,78,42,67,78,42
01-09-2017,299945,43,47,32,40,37,37,48,47,32,40,37,37,48,47,32,40,37,37,48,23,22,18,31,43,47,22,52,12,41,22,18,31,43,47,22,52,12,41,22,18,31,43,47,22,52,12,41,64,74,43,64,74,43,64,74,43
01-10-2017,221814,42,43,34,36,33,37,38,43,34,36,33,37,38,43,34,36,33,37,38,24,20,24,37,43,43,34,46,7,37,20,24,37,43,43,34,46,7,37,20,24,37,43,43,34,46,7,37,65,85,42,65,85,42,65,85,42
01-11-2017,127237,46,49,38,38,37,42,44,49,38,38,37,42,44,49,38,38,37,42,44,24,20,24,27,41,48,12,38,10,39,20,24,27,41,48,12,38,10,39,20,24,27,41,48,12,38,10,39,70,80,46,70,80,46,70,80,46
01-12-2017,198114,66,84,58,70,62,67,63,84,58,70,62,67,63,84,58,70,62,67,63,33,26,28,49,45,84,57,46,21,72,26,28,49,45,84,57,46,21,72,26,28,49,45,84,57,46,21,72,91,76,66,91,76,66,91,76,66
01-01-2018,230893,49,58,42,44,40,48,47,58,42,44,40,48,47,58,42,44,40,48,47,26,21,23,35,42,58,39,41,7,44,21,23,35,42,58,39,41,7,44,21,23,35,42,58,39,41,7,44,80,100,49,80,100,49,80,100,49
01-02-2018,189380,48,44,40,37,34,38,40,44,40,37,34,38,40,44,40,37,34,38,40,25,19,21,56,38,43,33,47,9,35,19,21,56,38,43,33,47,9,35,19,21,56,38,43,33,47,9,35,66,80,48,66,80,48,66,80,48
01-03-2018,228146,55,62,48,44,42,54,54,62,48,44,42,54,54,62,48,44,42,54,54,33,27,33,43,46,61,33,64,22,45,27,33,43,46,61,33,64,22,45,27,33,43,46,61,33,64,22,45,76,86,55,76,86,55,76,86,55
01-04-2018,288253,59,60,56,49,42,61,60,60,56,49,42,61,60,60,56,49,42,61,60,32,29,34,37,43,59,37,66,19,50,29,34,37,43,59,37,66,19,50,29,34,37,43,59,37,66,19,50,75,82,59,75,82,59,75,82,59
01-05-2018,385955,90,99,100,78,68,100,92,99,100,78,68,100,92,99,100,78,68,100,92,37,44,45,57,54,95,26,56,23,76,44,45,57,54,95,26,56,23,76,44,45,57,54,95,26,56,23,76,97,87,90,97,87,90,97,87,90
01-06-2018,391246,61,76,86,63,50,87,55,76,86,63,50,87,55,76,86,63,50,87,55,32,37,35,26,55,77,31,52,22,64,37,35,26,55,77,31,52,22,64,37,35,26,55,77,31,52,22,64,91,79,61,91,79,61,91,79,61
01-07-2018,194783,40,39,32,32,26,34,36,39,32,32,26,34,36,39,32,32,26,34,36,20,21,17,28,40,39,31,31,12,32,21,17,28,40,39,31,31,12,32,21,17,28,40,39,31,31,12,32,62,80,40,62,80,40,62,80,40
01-08-2018,236279,37,40,28,28,25,27,33,40,28,28,25,27,33,40,28,28,25,27,33,18,19,17,29,37,39,15,20,0,28,19,17,29,37,39,15,20,0,28,19,17,29,37,39,15,20,0,28,68,76,37,68,76,37,68,76,37
01-09-2018,262856,41,38,31,31,28,33,45,38,31,31,28,33,45,38,31,31,28,33,45,21,21,19,25,44,40,0,17,0,32,21,19,25,44,40,0,17,0,32,21,19,25,44,40,0,17,0,32,66,76,41,66,76,41,66,76,41
01-10-2018,188542,39,39,32,28,25,29,44,39,32,28,25,29,44,39,32,28,25,29,44,21,20,18,30,41,42,20,25,6,29,20,18,30,41,42,20,25,6,29,20,18,30,41,42,20,25,6,29,64,72,39,64,72,39,64,72,39
01-11-2018,106292,50,50,40,39,35,43,47,50,40,39,35,43,47,50,40,39,35,43,47,21,20,19,30,39,51,25,38,26,39,20,19,30,39,51,25,38,26,39,20,19,30,39,51,25,38,26,39,73,79,50,73,79,50,73,79,50
01-12-2018,169388,64,71,49,56,47,50,57,71,49,56,47,50,57,71,49,56,47,50,57,20,20,23,17,42,75,18,46,16,60,20,23,17,42,75,18,46,16,60,20,23,17,42,75,18,46,16,60,80,69,64,80,69,64,80,69,64
01-01-2019,239920,54,55,41,44,38,40,43,55,41,44,38,40,43,55,41,44,38,40,43,23,20,20,24,37,57,20,32,26,45,20,20,24,37,57,20,32,26,45,20,20,24,37,57,20,32,26,45,75,87,54,75,87,54,75,87,54
01-02-2019,195497,46,47,37,33,30,38,48,47,37,33,30,38,48,47,37,33,30,38,48,18,18,14,12,34,49,9,25,11,34,18,14,12,34,49,9,25,11,34,18,14,12,34,49,9,25,11,34,70,78,46,70,78,46,70,78,46
01-03-2019,234169,49,49,42,39,32,44,49,49,42,39,32,44,49,49,42,39,32,44,49,23,21,22,30,34,49,25,43,16,39,21,22,30,34,49,25,43,16,39,21,22,30,34,49,25,43,16,39,71,84,49,71,84,49,71,84,49
01-04-2019,297506,59,60,51,51,45,57,63,60,51,51,45,57,63,60,51,51,45,57,63,30,29,31,30,41,62,31,53,31,53,29,31,30,41,62,31,53,31,53,29,31,30,41,62,31,53,31,53,76,81,59,76,81,59,76,81,59
01-05-2019,404056,91,81,87,68,60,78,81,81,87,68,60,78,81,81,87,68,60,78,81,32,39,33,46,47,83,34,70,25,70,39,33,46,47,83,34,70,25,70,39,33,46,47,83,34,70,25,70,91,81,91,91,81,91,91,81,91
01-06-2019,415386,91,92,82,75,67,86,86,92,82,75,67,86,86,92,82,75,67,86,86,32,42,36,51,49,92,21,50,41,76,42,36,51,49,92,21,50,41,76,42,36,51,49,92,21,50,41,76,94,84,91,94,84,91,94,84,91
01-07-2019,203490,48,51,34,37,34,38,40,51,34,37,34,38,40,51,34,37,34,38,40,21,21,19,29,38,51,25,30,9,38,21,19,29,38,51,25,30,9,38,21,19,29,38,51,25,30,9,38,67,81,48,67,81,48,67,81,48
01-08-2019,245636,40,39,27,28,25,26,41,39,27,28,25,26,41,39,27,28,25,26,41,15,18,15,18,36,38,11,22,9,28,18,15,18,36,38,11,22,9,28,18,15,18,36,38,11,22,9,28,70,73,40,70,73,40,70,73,40
01-09-2019,277102,44,44,32,35,32,35,39,44,32,35,32,35,39,44,32,35,32,35,39,16,18,16,19,38,46,15,26,7,37,18,16,19,38,46,15,26,7,37,18,16,19,38,46,15,26,7,37,65,97,44,65,97,44,65,97,44
01-10-2019,204817,43,40,33,32,30,30,44,40,33,32,30,30,44,40,33,32,30,30,44,17,18,16,26,35,39,14,34,0,32,18,16,26,35,39,14,34,0,32,18,16,26,35,39,14,34,0,32,58,91,43,58,91,43,58,91,43
01-11-2019,124246,49,51,43,42,40,46,58,51,43,42,40,46,58,51,43,42,40,46,58,26,19,21,30,46,53,32,25,13,44,19,21,30,46,53,32,25,13,44,19,21,30,46,53,32,25,13,44,76,83,49,76,83,49,76,83,49
01-12-2019,188421,76,77,61,69,66,66,80,77,61,69,66,66,80,77,61,69,66,66,80,26,23,30,53,38,75,24,61,30,69,23,30,53,38,75,24,61,30,69,23,30,53,38,75,24,61,30,69,93,83,76,93,83,76,93,83,76
01-01-2020,259681,58,58,42,50,43,42,63,58,42,50,43,42,63,58,42,50,43,42,63,21,19,22,33,37,58,23,48,11,50,19,22,33,37,58,23,48,11,50,19,22,33,37,58,23,48,11,50,85,92,58,85,92,58,85,92,58
01-02-2020,126610,49,48,41,36,33,42,59,48,41,36,33,42,59,48,41,36,33,42,59,18,22,20,22,37,48,6,41,13,37,22,20,22,37,48,6,41,13,37,22,20,22,37,48,6,41,13,37,72,76,49,72,76,49,72,76,49
01-03-2020,57685,26,24,21,19,17,20,23,24,21,19,17,20,23,24,21,19,17,20,23,10,13,12,12,20,23,13,17,12,20,13,12,12,20,23,13,17,12,20,13,12,12,20,23,13,17,12,20,59,45,26,59,45,26,59,45,26
01-04-2020,23,7,8,6,7,7,7,5,8,6,7,7,7,5,8,6,7,7,7,5,5,7,5,6,11,8,0,10,0,7,7,5,6,11,8,0,10,0,7,7,5,6,11,8,0,10,0,7,40,25,7,40,25,7,40,25,7
01-05-2020,23,9,10,7,9,7,8,4,10,7,9,7,8,4,10,7,9,7,8,4,5,8,4,0,11,10,0,9,0,8,8,4,0,11,10,0,9,0,8,8,4,0,11,10,0,9,0,8,41,30,9,41,30,9,41,30,9
01-06-2020,0,9,9,7,9,8,8,9,9,7,9,8,8,9,9,7,9,8,8,9,5,11,5,7,12,10,0,0,7,10,11,5,7,12,10,0,0,7,10,11,5,7,12,10,0,0,7,10,40,33,9,40,33,9,40,33,9
01-07-2020,0,11,12,8,12,10,9,14,12,8,12,10,9,14,12,8,12,10,9,14,7,18,7,4,14,11,6,9,0,12,18,7,4,14,11,6,9,0,12,18,7,4,14,11,6,9,0,12,49,35,11,49,35,11,49,35,11
01-08-2020,0,13,15,8,14,12,9,9,15,8,14,12,9,9,15,8,14,12,9,9,7,19,7,8,16,15,0,31,5,15,19,7,8,16,15,0,31,5,15,19,7,8,16,15,0,31,5,15,42,36,13,42,36,13,42,36,13
01-09-2020,22727,21,23,13,22,20,18,27,23,13,22,20,18,27,23,13,22,20,18,27,11,32,11,15,20,24,0,19,6,24,32,11,15,20,24,0,19,6,24,32,11,15,20,24,0,19,6,24,48,37,21,48,37,21,48,37,21
01-10-2020,31182,34,33,26,34,29,30,44,33,26,34,29,30,44,33,26,34,29,30,44,14,21,14,27,19,31,11,34,0,33,21,14,27,19,31,11,34,0,33,21,14,27,19,31,11,34,0,33,54,40,34,54,40,34,54,40,34
01-11-2020,26185,32,33,28,32,25,30,49,33,28,32,25,30,49,33,28,32,25,30,49,14,22,15,23,20,34,10,27,0,33,22,15,23,20,34,10,27,0,33,22,15,23,20,34,10,27,0,33,54,41,32,54,41,32,54,41,32
01-12-2020,75086,64,69,73,68,52,68,83,69,73,68,52,68,83,69,73,68,52,68,83,21,29,22,32,25,69,19,45,24,68,29,22,32,25,69,19,45,24,68,29,22,32,25,69,19,45,24,68,81,41,64,81,41,64,81,41,64
01-01-2021,81296,84,65,58,60,47,59,70,65,58,60,47,59,70,65,58,60,47,59,70,18,20,24,28,25,65,17,49,20,60,20,24,28,25,65,17,49,20,60,20,24,28,25,65,17,49,20,60,78,38,84,78,38,84,78,38,84
01-02-2021,49773,47,44,38,37,32,35,48,44,38,37,32,35,48,44,38,37,32,35,48,12,18,17,18,25,44,14,43,15,37,18,17,18,25,44,14,43,15,37,18,17,18,25,44,14,43,15,37,67,39,47,67,39,47,67,39,47
01-03-2021,62271,40,38,31,36,31,30,49,38,31,36,31,30,49,38,31,36,31,30,49,13,18,15,19,21,38,6,35,12,37,18,15,19,21,38,6,35,12,37,18,15,19,21,38,6,35,12,37,57,42,40,57,42,40,57,42,40
01-04-2021,27245,22,19,18,20,15,17,21,19,18,20,15,17,21,19,18,20,15,17,21,10,14,8,10,14,18,11,21,12,19,14,8,10,14,18,11,21,12,19,14,8,10,14,18,11,21,12,19,42,37,22,42,37,22,42,37,22
01-05-2021,8161,12,14,10,12,10,11,17,14,10,12,10,11,17,14,10,12,10,11,17,6,15,7,15,12,14,9,10,0,12,15,7,15,12,14,9,10,0,12,15,7,15,12,14,9,10,0,12,38,34,12,38,34,12,38,34,12
01-06-2021,87316,40,45,32,45,36,38,67,45,32,45,36,38,67,45,32,45,36,38,67,16,37,17,28,22,43,12,33,13,44,37,17,28,22,43,12,33,13,44,37,17,28,22,43,12,33,13,44,62,39,40,62,39,40,62,39,40
01-07-2021,115256,48,49,36,49,39,41,62,49,36,49,39,41,62,49,36,49,39,41,62,14,22,20,17,21,48,0,38,14,49,22,20,17,21,48,0,38,14,49,22,20,17,21,48,0,38,14,49,64,39,48,64,39,48,64,39,48
01-08-2021,45166,32,31,20,26,21,19,24,31,20,26,21,19,24,31,20,26,21,19,24,12,16,10,16,21,32,18,16,12,26,16,10,16,21,32,18,16,12,26,16,10,16,21,32,18,16,12,26,58,40,32,58,40,32,58,40,32
01-09-2021,59869,37,33,27,34,29,27,40,33,27,34,29,27,40,33,27,34,29,27,40,12,17,14,17,23,34,5,26,27,34,17,14,17,23,34,5,26,27,34,17,14,17,23,34,5,26,27,34,58,44,37,58,44,37,58,44,37
01-10-2021,73746,44,39,36,37,33,34,43,39,36,37,33,34,43,39,36,37,33,34,43,12,14,13,30,23,39,16,39,8,38,14,13,30,23,39,16,39,8,38,14,13,30,23,39,16,39,8,38,56,46,44,56,46,44,56,46,44
01-11-2021,113247,44,37,36,35,32,37,42,37,36,35,32,37,42,37,36,35,32,37,42,12,15,13,17,23,39,17,21,10,37,15,13,17,23,39,17,21,10,37,15,13,17,23,39,17,21,10,37,55,45,44,55,45,44,55,45,44
01-12-2021,228446,65,61,58,58,50,53,57,61,58,58,50,53,57,61,58,58,50,53,57,15,18,17,27,23,61,13,36,13,59,18,17,27,23,61,13,36,13,59,18,17,27,23,61,13,36,13,59,71,45,65,71,45,65,71,45,65
01-01-2022,223327,51,47,36,48,38,34,50,47,36,48,38,34,50,47,36,48,38,34,50,14,17,13,29,22,48,12,38,21,48,17,13,29,22,48,12,38,21,48,17,13,29,22,48,12,38,21,48,79,50,51,79,50,51,79,50,51
01-02-2022,209521,52,47,38,45,37,39,60,47,38,45,37,39,60,47,38,45,37,39,60,14,23,16,39,28,48,21,61,0,46,23,16,39,28,48,21,61,0,46,23,16,39,28,48,21,61,0,46,76,60,52,76,60,52,76,60,52
01-03-2022,261218,69,54,51,54,48,43,72,54,51,54,48,43,72,54,51,54,48,43,72,20,23,20,40,32,54,16,52,10,54,23,20,40,32,54,16,52,10,54,23,20,40,32,54,16,52,10,54,76,82,69,76,82,69,76,82,69
01-04-2022,293821,68,63,61,57,54,53,82,63,61,57,54,53,82,63,61,57,54,53,82,23,28,25,40,32,64,25,68,29,60,28,25,40,32,64,25,68,29,60,28,25,40,32,64,25,68,29,60,81,74,68,81,74,68,81,74,68
01-05-2022,352817,86,74,81,68,61,73,86,74,81,68,61,73,86,74,81,68,61,73,86,23,30,25,45,35,74,20,71,42,68,30,25,45,35,74,20,71,42,68,30,25,45,35,74,20,71,42,68,100,87,86,100,87,86,100,87,86
01-06-2022,386845,100,82,84,76,67,79,100,82,84,76,67,79,100,82,84,76,67,79,100,21,27,23,35,33,82,18,56,36,78,27,23,35,33,82,18,56,36,78,27,23,35,33,82,18,56,36,78,91,89,100,91,89,100,91,89,100
01-07-2022,128342,42,40,29,39,33,29,47,40,29,39,33,29,47,40,29,39,33,29,47,15,16,14,21,27,42,11,22,5,40,16,14,21,27,42,11,22,5,40,16,14,21,27,42,11,22,5,40,71,68,42,71,68,42,71,68,42
01-08-2022,121224,40,35,26,34,28,26,44,35,26,34,28,26,44,35,26,34,28,26,44,11,16,11,23,25,36,0,38,6,35,16,11,23,25,36,0,38,6,35,16,11,23,25,36,0,38,6,35,65,71,40,65,71,40,65,71,40
01-09-2022,118791,41,40,31,38,34,31,43,40,31,38,34,31,43,40,31,38,34,31,43,12,17,11,20,28,40,6,37,6,39,17,11,20,28,40,6,37,6,39,17,11,20,28,40,6,37,6,39,72,81,41,72,81,41,72,81,41
01-10-2022,132786,42,39,35,37,30,33,43,39,35,37,30,33,43,39,35,37,30,33,43,14,16,13,29,26,39,0,43,12,37,16,13,29,26,39,0,43,12,37,16,13,29,26,39,0,43,12,37,68,80,42,68,80,42,68,80,42
01-11-2022,126147,55,47,52,45,37,45,56,47,52,45,37,45,56,47,52,45,37,45,56,13,16,11,36,25,46,21,34,14,44,16,11,36,25,46,21,34,14,44,16,11,36,25,46,21,34,14,44,73,80,55,73,80,55,73,80,55
01-12-2022,210430,71,62,78,57,45,66,67,62,78,57,45,66,67,62,78,57,45,66,67,14,18,19,24,27,59,18,65,16,54,18,19,24,27,59,18,65,16,54,18,19,24,27,59,18,65,16,54,86,81,71,86,81,71,86,81,71
